id_prueba,ref_submit,notebook,dataset,seeds,cantidad_registros_totales,cantidad_registros_entrenamiento,cantidad_registros_prediccion,meses_entrenamiento,meses_prediccion,columnas_excluidas,bajas,id_rds,envios,archivos,nota,resultado_competencia_mean,resultado_competencia_std
1,1st_test,r001.ipynb,competencia_01_ternaria_lags.csv,"230047,230059,230063,230077,230081",983061,326184,164647,"202103,202104",202108,"ternaria,ternaria_lag1,clase01,fold,azar,training,cprestamos_personales,mprestamos_personales,cprestamos_personales_lag1,mprestamos_personales_lag1,cprestamos_personales_delta1,mprestamos_personales_delta1,cprestamos_personales_lag_pond,mprestamos_personales_lag_pond,cprestamos_personales_delta_lag_pond,mprestamos_personales_delta_lag_pond","1+2",44,11500,"r001_230047.csv,r001_230059.csv,r001_230063.csv,r001_230077.csv,r001_230081.csv","testing, nothing more",93.8190,2.8500
2,e2_r,r001.ipynb,competencia_01_ternaria_lags.csv,"230047,230059,230063,230077,230081",983061,326184,164647,"202103,202104",202108,"ternaria,ternaria_lag1,clase01,fold,azar,training,cprestamos_personales,mprestamos_personales,cprestamos_personales_lag1,mprestamos_personales_lag1,cprestamos_personales_delta1,mprestamos_personales_delta1,cprestamos_personales_lag_pond,mprestamos_personales_lag_pond,cprestamos_personales_delta_lag_pond,mprestamos_personales_delta_lag_pond",1+2,44,11000,"r001_230047_2.csv,r001_230059_2.csv,r001_230063_2.csv,r001_230077_2.csv,r001_230081_2.csv",1st_test bajando la cantidad de envios a 11k,94.0720,3.0658
3,e3_r,r001.ipynb,competencia_01_ternaria_lags.csv,"230047,230059,230063,230077,230081",983061,326184,164647,"202103,202104",202108,"ternaria,ternaria_lag1,clase01,fold,azar,training,cprestamos_personales,mprestamos_personales,cprestamos_personales_lag1,mprestamos_personales_lag1,cprestamos_personales_delta1,mprestamos_personales_delta1,cprestamos_personales_lag_pond,mprestamos_personales_lag_pond,cprestamos_personales_delta_lag_pond,mprestamos_personales_delta_lag_pond",1+2,44,12000,"r001_230047_3.csv,r001_230059_3.csv,r001_230063_3.csv,r001_230077_3.csv,r001_230081_3.csv",1st_test subiendo la cantidad de envios a 12k,93.6155,2.5341
4,e4_r,r001.ipynb,competencia_01_ternaria_lf_k6_perdida4.csv,"230047,230059,230063,230077,230081",983061,326184,164647,"202103,202104",202108,"ternaria,ternaria_lag1,clase01,fold,azar,training,cprestamos_personales,mprestamos_personales,cprestamos_personales_lag1,mprestamos_personales_lag1,cprestamos_personales_delta1,mprestamos_personales_delta1,cprestamos_personales_lag_pond,mprestamos_personales_lag_pond,cprestamos_personales_delta_lag_pond,mprestamos_personales_delta_lag_pond",1+2,44,11500,"r001_230047_4.csv,r001_230059_4.csv,r001_230063_4.csv,r001_230077_4.csv,r001_230081_4.csv","cambiamos dataset al q se uso en rds 44, deltas fraccionarios",95.2215,1.7673
5,e5_r,r001.ipynb,competencia_01_ternaria_lf_k6_perdida4.csv,"230047,230059,230063,230077,230081",983061,326184,164647,"202103,202104",202108,"ternaria,ternaria_lag1,clase01,fold,azar,training,cprestamos_personales,mprestamos_personales,cprestamos_personales_lag1,mprestamos_personales_lag1,cprestamos_personales_delta1,mprestamos_personales_delta1,cprestamos_personales_lag_pond,mprestamos_personales_lag_pond,cprestamos_personales_delta_lag_pond,mprestamos_personales_delta_lag_pond",1+2,44,12000,"r001_230047_5.csv,r001_230059_5.csv,r001_230063_5.csv,r001_230077_5.csv,r001_230081_5.csv",e4_r pasando de 11.5k envios a 12k envios,95.3095,2.2131
6,e6_r,r001.ipynb,competencia_01_ternaria_lf_k6_perdida4.csv,"230047,230059,230063,230077,230081",983061,326184,164647,"202103,202104",202108,"ternaria,ternaria_lag1,clase01,fold,azar,training,cprestamos_personales,mprestamos_personales,cprestamos_personales_lag1,mprestamos_personales_lag1,cprestamos_personales_delta1,mprestamos_personales_delta1,cprestamos_personales_lag_pond,mprestamos_personales_lag_pond,cprestamos_personales_delta_lag_pond,mprestamos_personales_delta_lag_pond",1+2,44,11000,"r001_230047_6.csv,r001_230059_6.csv,r001_230063_6.csv,r001_230077_6.csv,r001_230081_6.csv",e4_r pasando de 11.5k envios a 11k envios,95.7825,1.9090
7,e7_r,r001.ipynb,competencia_01_ternaria_lf_k6_perdida4.csv,"230047,230059,230063,230077,230081",983061,326184,164647,"202103,202104",202108,"ternaria,ternaria_lag1,clase01,fold,azar,training,cprestamos_personales,mprestamos_personales,cprestamos_personales_lag1,mprestamos_personales_lag1,cprestamos_personales_delta1,mprestamos_personales_delta1,cprestamos_personales_lag_pond,mprestamos_personales_lag_pond,cprestamos_personales_delta_lag_pond,mprestamos_personales_delta_lag_pond",1+2,44,10500,"r001_230047_7.csv,r001_230059_7.csv,r001_230063_7.csv,r001_230077_7.csv,r001_230081_7.csv",e4_r pasando de 11.5k envios a 10.5k envios,95.3535,2.3168
8,e8_r,r002.ipynb,competencia_01_ternaria_lf_k6_perdida4.csv,"230047,230059,230063,230077,230081",983061,818414,164647,"202103,202104,202105,202106,202107",202108,"ternaria,ternaria_lag1,clase01,fold,azar,training,cprestamos_personales,mprestamos_personales,cprestamos_personales_lag1,mprestamos_personales_lag1,cprestamos_personales_delta1,mprestamos_personales_delta1",1+2,53,10500,"r002_230047_8.csv,r002_230059_8.csv,r002_230063_8.csv,r002_230077_8.csv,r002_230081_8.csv","BO para predecir b+2 en 202107 y usada para entrenar para 202108 | BAJA+2 estimadas para 202107; id_rds_julio=52; meses_entrenamiento_julio=202103,202104,202105,202106; seed_julio=230047; prob_corte=0.0035446538114082874; BAJA+1 reales=1103; BAJA+2 estimadas=14888",91.3055,4.8356
9,e9_r,r002.ipynb,competencia_01_ternaria_lf_k6_perdida4.csv,"230047,230059,230063,230077,230081",983061,818414,164647,"202103,202104,202105,202106,202107",202108,"ternaria,ternaria_lag1,clase01,fold,azar,training,cprestamos_personales,mprestamos_personales,cprestamos_personales_lag1,mprestamos_personales_lag1,cprestamos_personales_delta1,mprestamos_personales_delta1",1+2,53,11500,"r002_230047_9.csv,r002_230059_9.csv,r002_230063_9.csv,r002_230077_9.csv,r002_230081_9.csv","e8_r subiendo la cantidad de envios a 11.5 k | BAJA+2 estimadas para 202107; id_rds_julio=52; meses_entrenamiento_julio=202103,202104,202105,202106; seed_julio=230047; prob_corte=0.0035446538114082874; BAJA+1 reales=1103; BAJA+2 estimadas=14888",92.4220,4.3839
10,e10_r,r002.ipynb,competencia_01_ternaria_lf_k6_perdida4.csv,"230047,230059,230063,230077,230081",983061,818414,164647,"202103,202104,202105,202106,202107",202108,"ternaria,ternaria_lag1,clase01,fold,azar,training,cprestamos_personales,mprestamos_personales,cprestamos_personales_lag1,mprestamos_personales_lag1,cprestamos_personales_delta1,mprestamos_personales_delta1",1+2,53,12500,"r002_230047_10.csv,r002_230059_10.csv,r002_230063_10.csv,r002_230077_10.csv,r002_230081_10.csv","e8_r subiendo la cantidad de envios a 12.5 k | BAJA+2 estimadas para 202107; id_rds_julio=52; meses_entrenamiento_julio=202103,202104,202105,202106; seed_julio=230047; prob_corte=0.0035446538114082874; BAJA+1 reales=1103; BAJA+2 estimadas=14888",91.9820,4.2977
