modelo_id	experimento_origen	dataset_bench	ranking_origen	id_origen	metrica_origen	semilla	envios	ganancia_total	ganancia_public_estimada	ganancia_private_estimada
1	LAG-009	competencia_01_ternaria_lags.csv	1	84	0.132489037863148	150497	4000	324500000	334583333.333333	320178571.428571
1	LAG-009	competencia_01_ternaria_lags.csv	1	84	0.132489037863148	150497	4500	353650000	352916666.666667	353964285.714286
1	LAG-009	competencia_01_ternaria_lags.csv	1	84	0.132489037863148	150497	5000	370700000	375008333.333333	368853571.428572
1	LAG-009	competencia_01_ternaria_lags.csv	1	84	0.132489037863148	150497	5500	389950000	405533333.333333	383271428.571429
1	LAG-009	competencia_01_ternaria_lags.csv	1	84	0.132489037863148	150497	6000	389400000	407366666.666667	381700000
1	LAG-009	competencia_01_ternaria_lags.csv	1	84	0.132489037863148	150497	6500	398750000	425241666.666667	387396428.571429
1	LAG-009	competencia_01_ternaria_lags.csv	1	84	0.132489037863148	150497	7000	411400000	429183333.333333	403778571.428571
1	LAG-009	competencia_01_ternaria_lags.csv	1	84	0.132489037863148	150497	7500	422950000	448341666.666667	412067857.142857
1	LAG-009	competencia_01_ternaria_lags.csv	1	84	0.132489037863148	150497	8000	433400000	463833333.333333	420357142.857143
1	LAG-009	competencia_01_ternaria_lags.csv	1	84	0.132489037863148	150497	8500	446050000	479508333.333333	431710714.285714
1	LAG-009	competencia_01_ternaria_lags.csv	1	84	0.132489037863148	150497	9000	449900000	479416666.666667	437250000
1	LAG-009	competencia_01_ternaria_lags.csv	1	84	0.132489037863148	150497	9500	450450000	468783333.333333	442592857.142857
1	LAG-009	competencia_01_ternaria_lags.csv	1	84	0.132489037863148	150497	10000	449900000	470250000	441178571.428572
1	LAG-009	competencia_01_ternaria_lags.csv	1	84	0.132489037863148	150497	10500	458150000	478591666.666667	449389285.714286
1	LAG-009	competencia_01_ternaria_lags.csv	1	84	0.132489037863148	150497	11000	463100000	479050000	456264285.714286
1	LAG-009	competencia_01_ternaria_lags.csv	1	84	0.132489037863148	150497	11500	469150000	495000000	458071428.571429
1	LAG-009	competencia_01_ternaria_lags.csv	1	84	0.132489037863148	150497	12000	469700000	495000000	458857142.857143
1	LAG-009	competencia_01_ternaria_lags.csv	1	84	0.132489037863148	150497	12500	471350000	486750000	464750000
1	LAG-009	competencia_01_ternaria_lags.csv	1	84	0.132489037863148	150497	13000	467500000	484275000	460310714.285714
1	LAG-009	competencia_01_ternaria_lags.csv	1	84	0.132489037863148	150497	13500	457050000	474925000	449389285.714286
1	LAG-009	competencia_01_ternaria_lags.csv	1	84	0.132489037863148	150497	14000	459800000	478591666.666667	451746428.571429
1	LAG-009	competencia_01_ternaria_lags.csv	1	84	0.132489037863148	150497	14500	452650000	472541666.666667	444125000
1	LAG-009	competencia_01_ternaria_lags.csv	1	84	0.132489037863148	150497	15000	447700000	465758333.333333	439960714.285714
1	LAG-009	competencia_01_ternaria_lags.csv	1	84	0.132489037863148	150497	15500	447150000	462641666.666667	440510714.285714
1	LAG-009	competencia_01_ternaria_lags.csv	1	84	0.132489037863148	150497	16000	441100000	458975000	433439285.714286
1	LAG-009	competencia_01_ternaria_lags.csv	1	84	0.132489037863148	150497	16500	447150000	464475000	439725000
1	LAG-009	competencia_01_ternaria_lags.csv	1	84	0.132489037863148	150497	17000	441100000	454391666.666667	435403571.428571
1	LAG-009	competencia_01_ternaria_lags.csv	1	84	0.132489037863148	150497	17500	436150000	443391666.666667	433046428.571429
1	LAG-009	competencia_01_ternaria_lags.csv	1	84	0.132489037863148	150497	18000	432300000	445958333.333333	426446428.571429
1	LAG-009	competencia_01_ternaria_lags.csv	1	84	0.132489037863148	150497	18500	426250000	434591666.666667	422675000
1	LAG-009	competencia_01_ternaria_lags.csv	1	84	0.132489037863148	150497	19000	418000000	426525000	414346428.571429
1	LAG-009	competencia_01_ternaria_lags.csv	1	84	0.132489037863148	931363	4000	334400000	337883333.333333	332907142.857143
1	LAG-009	competencia_01_ternaria_lags.csv	1	84	0.132489037863148	931363	4500	351450000	350075000	352039285.714286
1	LAG-009	competencia_01_ternaria_lags.csv	1	84	0.132489037863148	931363	5000	372900000	391966666.666667	364728571.428571
1	LAG-009	competencia_01_ternaria_lags.csv	1	84	0.132489037863148	931363	5500	388850000	411308333.333333	379225000
1	LAG-009	competencia_01_ternaria_lags.csv	1	84	0.132489037863148	931363	6000	401500000	434866666.666667	387200000
1	LAG-009	competencia_01_ternaria_lags.csv	1	84	0.132489037863148	931363	6500	407550000	440458333.333333	393446428.571429
1	LAG-009	competencia_01_ternaria_lags.csv	1	84	0.132489037863148	931363	7000	415800000	445591666.666667	403032142.857143
1	LAG-009	competencia_01_ternaria_lags.csv	1	84	0.132489037863148	931363	7500	431750000	460716666.666667	419335714.285714
1	LAG-009	competencia_01_ternaria_lags.csv	1	84	0.132489037863148	931363	8000	437800000	466675000	425425000
1	LAG-009	competencia_01_ternaria_lags.csv	1	84	0.132489037863148	931363	8500	449350000	489133333.333333	432300000
1	LAG-009	competencia_01_ternaria_lags.csv	1	84	0.132489037863148	931363	9000	454300000	478500000	443928571.428572
1	LAG-009	competencia_01_ternaria_lags.csv	1	84	0.132489037863148	931363	9500	449350000	469150000	440864285.714286
1	LAG-009	competencia_01_ternaria_lags.csv	1	84	0.132489037863148	931363	10000	454300000	473458333.333333	446089285.714286
1	LAG-009	competencia_01_ternaria_lags.csv	1	84	0.132489037863148	931363	10500	459250000	473000000	453357142.857143
1	LAG-009	competencia_01_ternaria_lags.csv	1	84	0.132489037863148	931363	11000	463100000	473916666.666667	458464285.714286
1	LAG-009	competencia_01_ternaria_lags.csv	1	84	0.132489037863148	931363	11500	465850000	477675000	460782142.857143
1	LAG-009	competencia_01_ternaria_lags.csv	1	84	0.132489037863148	931363	12000	464200000	471808333.333333	460939285.714286
1	LAG-009	competencia_01_ternaria_lags.csv	1	84	0.132489037863148	931363	12500	461450000	460258333.333333	461960714.285714
1	LAG-009	competencia_01_ternaria_lags.csv	1	84	0.132489037863148	931363	13000	473000000	486750000	467107142.857143
1	LAG-009	competencia_01_ternaria_lags.csv	1	84	0.132489037863148	931363	13500	471350000	491425000	462746428.571429
1	LAG-009	competencia_01_ternaria_lags.csv	1	84	0.132489037863148	931363	14000	474100000	485375000	469267857.142857
1	LAG-009	competencia_01_ternaria_lags.csv	1	84	0.132489037863148	931363	14500	470250000	481341666.666667	465496428.571429
1	LAG-009	competencia_01_ternaria_lags.csv	1	84	0.132489037863148	931363	15000	463100000	475016666.666667	457992857.142857
1	LAG-009	competencia_01_ternaria_lags.csv	1	84	0.132489037863148	931363	15500	459250000	472541666.666667	453553571.428571
1	LAG-009	competencia_01_ternaria_lags.csv	1	84	0.132489037863148	931363	16000	453200000	473275000	444596428.571429
1	LAG-009	competencia_01_ternaria_lags.csv	1	84	0.132489037863148	931363	16500	448250000	466858333.333333	440275000
1	LAG-009	competencia_01_ternaria_lags.csv	1	84	0.132489037863148	931363	17000	437800000	460258333.333333	428175000
1	LAG-009	competencia_01_ternaria_lags.csv	1	84	0.132489037863148	931363	17500	428450000	447425000	420317857.142857
1	LAG-009	competencia_01_ternaria_lags.csv	1	84	0.132489037863148	931363	18000	420200000	441925000	410889285.714286
1	LAG-009	competencia_01_ternaria_lags.csv	1	84	0.132489037863148	931363	18500	413050000	433400000	404328571.428572
1	LAG-009	competencia_01_ternaria_lags.csv	1	84	0.132489037863148	931363	19000	411400000	433766666.666667	401814285.714286
1	LAG-009	competencia_01_ternaria_lags.csv	1	84	0.132489037863148	240707	4000	323400000	335500000	318214285.714286
1	LAG-009	competencia_01_ternaria_lags.csv	1	84	0.132489037863148	240707	4500	345950000	345766666.666667	346028571.428572
1	LAG-009	competencia_01_ternaria_lags.csv	1	84	0.132489037863148	240707	5000	359700000	370516666.666667	355064285.714286
1	LAG-009	competencia_01_ternaria_lags.csv	1	84	0.132489037863148	240707	5500	378950000	385183333.333333	376278571.428571
1	LAG-009	competencia_01_ternaria_lags.csv	1	84	0.132489037863148	240707	6000	411400000	422400000	406685714.285714
1	LAG-009	competencia_01_ternaria_lags.csv	1	84	0.132489037863148	240707	6500	419650000	443758333.333333	409317857.142857
1	LAG-009	competencia_01_ternaria_lags.csv	1	84	0.132489037863148	240707	7000	422400000	448616666.666667	411164285.714286
1	LAG-009	competencia_01_ternaria_lags.csv	1	84	0.132489037863148	240707	7500	421850000	446508333.333333	411282142.857143
1	LAG-009	competencia_01_ternaria_lags.csv	1	84	0.132489037863148	240707	8000	431200000	456866666.666667	420200000
1	LAG-009	competencia_01_ternaria_lags.csv	1	84	0.132489037863148	240707	8500	437250000	454941666.666667	429667857.142857
1	LAG-009	competencia_01_ternaria_lags.csv	1	84	0.132489037863148	240707	9000	444400000	452375000	440982142.857143
1	LAG-009	competencia_01_ternaria_lags.csv	1	84	0.132489037863148	240707	9500	447150000	456500000	443142857.142857
1	LAG-009	competencia_01_ternaria_lags.csv	1	84	0.132489037863148	240707	10000	455400000	464016666.666667	451707142.857143
1	LAG-009	competencia_01_ternaria_lags.csv	1	84	0.132489037863148	240707	10500	455950000	453200000	457128571.428572
1	LAG-009	competencia_01_ternaria_lags.csv	1	84	0.132489037863148	240707	11000	457600000	453291666.666667	459446428.571429
1	LAG-009	competencia_01_ternaria_lags.csv	1	84	0.132489037863148	240707	11500	461450000	476208333.333333	455125000
1	LAG-009	competencia_01_ternaria_lags.csv	1	84	0.132489037863148	240707	12000	462000000	468416666.666667	459250000
1	LAG-009	competencia_01_ternaria_lags.csv	1	84	0.132489037863148	240707	12500	461450000	468875000	458267857.142857
1	LAG-009	competencia_01_ternaria_lags.csv	1	84	0.132489037863148	240707	13000	459800000	463650000	458150000
1	LAG-009	competencia_01_ternaria_lags.csv	1	84	0.132489037863148	240707	13500	457050000	452833333.333333	458857142.857143
1	LAG-009	competencia_01_ternaria_lags.csv	1	84	0.132489037863148	240707	14000	452100000	457966666.666667	449585714.285714
1	LAG-009	competencia_01_ternaria_lags.csv	1	84	0.132489037863148	240707	14500	444950000	446783333.333333	444164285.714286
1	LAG-009	competencia_01_ternaria_lags.csv	1	84	0.132489037863148	240707	15000	447700000	451091666.666667	446246428.571429
1	LAG-009	competencia_01_ternaria_lags.csv	1	84	0.132489037863148	240707	15500	450450000	455033333.333333	448485714.285714
1	LAG-009	competencia_01_ternaria_lags.csv	1	84	0.132489037863148	240707	16000	445500000	446141666.666667	445225000
1	LAG-009	competencia_01_ternaria_lags.csv	1	84	0.132489037863148	240707	16500	442750000	450725000	439332142.857143
1	LAG-009	competencia_01_ternaria_lags.csv	1	84	0.132489037863148	240707	17000	441100000	454300000	435442857.142857
1	LAG-009	competencia_01_ternaria_lags.csv	1	84	0.132489037863148	240707	17500	441650000	462091666.666667	432889285.714286
1	LAG-009	competencia_01_ternaria_lags.csv	1	84	0.132489037863148	240707	18000	434500000	458425000	424246428.571429
1	LAG-009	competencia_01_ternaria_lags.csv	1	84	0.132489037863148	240707	18500	427350000	445041666.666667	419767857.142857
1	LAG-009	competencia_01_ternaria_lags.csv	1	84	0.132489037863148	240707	19000	418000000	439358333.333333	408846428.571429
1	LAG-009	competencia_01_ternaria_lags.csv	1	84	0.132489037863148	993683	4000	334400000	339075000	332396428.571429
1	LAG-009	competencia_01_ternaria_lags.csv	1	84	0.132489037863148	993683	4500	354750000	357408333.333333	353610714.285714
1	LAG-009	competencia_01_ternaria_lags.csv	1	84	0.132489037863148	993683	5000	369600000	372258333.333333	368460714.285714
1	LAG-009	competencia_01_ternaria_lags.csv	1	84	0.132489037863148	993683	5500	395450000	402141666.666667	392582142.857143
1	LAG-009	competencia_01_ternaria_lags.csv	1	84	0.132489037863148	993683	6000	400400000	418550000	392621428.571429
1	LAG-009	competencia_01_ternaria_lags.csv	1	84	0.132489037863148	993683	6500	413050000	433400000	404328571.428572
1	LAG-009	competencia_01_ternaria_lags.csv	1	84	0.132489037863148	993683	7000	419100000	451733333.333333	405114285.714286
1	LAG-009	competencia_01_ternaria_lags.csv	1	84	0.132489037863148	993683	7500	432850000	463558333.333333	419689285.714286
1	LAG-009	competencia_01_ternaria_lags.csv	1	84	0.132489037863148	993683	8000	433400000	464108333.333333	420239285.714286
1	LAG-009	competencia_01_ternaria_lags.csv	1	84	0.132489037863148	993683	8500	446050000	469425000	436032142.857143
1	LAG-009	competencia_01_ternaria_lags.csv	1	84	0.132489037863148	993683	9000	449900000	469883333.333333	441335714.285714
1	LAG-009	competencia_01_ternaria_lags.csv	1	84	0.132489037863148	993683	9500	455950000	470158333.333333	449860714.285714
1	LAG-009	competencia_01_ternaria_lags.csv	1	84	0.132489037863148	993683	10000	453200000	478591666.666667	442317857.142857
1	LAG-009	competencia_01_ternaria_lags.csv	1	84	0.132489037863148	993683	10500	459250000	490508333.333333	445853571.428571
1	LAG-009	competencia_01_ternaria_lags.csv	1	84	0.132489037863148	993683	11000	460900000	487300000	449585714.285714
1	LAG-009	competencia_01_ternaria_lags.csv	1	84	0.132489037863148	993683	11500	466950000	494816666.666667	455007142.857143
1	LAG-009	competencia_01_ternaria_lags.csv	1	84	0.132489037863148	993683	12000	471900000	491975000	463296428.571429
1	LAG-009	competencia_01_ternaria_lags.csv	1	84	0.132489037863148	993683	12500	468050000	481158333.333333	462432142.857143
1	LAG-009	competencia_01_ternaria_lags.csv	1	84	0.132489037863148	993683	13000	474100000	478133333.333333	472371428.571429
1	LAG-009	competencia_01_ternaria_lags.csv	1	84	0.132489037863148	993683	13500	466950000	480425000	461175000
1	LAG-009	competencia_01_ternaria_lags.csv	1	84	0.132489037863148	993683	14000	465300000	479325000	459289285.714286
1	LAG-009	competencia_01_ternaria_lags.csv	1	84	0.132489037863148	993683	14500	457050000	476483333.333333	448721428.571429
1	LAG-009	competencia_01_ternaria_lags.csv	1	84	0.132489037863148	993683	15000	456500000	465116666.666667	452807142.857143
1	LAG-009	competencia_01_ternaria_lags.csv	1	84	0.132489037863148	993683	15500	448250000	452650000	446364285.714286
1	LAG-009	competencia_01_ternaria_lags.csv	1	84	0.132489037863148	993683	16000	442200000	446691666.666667	440275000
1	LAG-009	competencia_01_ternaria_lags.csv	1	84	0.132489037863148	993683	16500	438350000	436608333.333333	439096428.571429
1	LAG-009	competencia_01_ternaria_lags.csv	1	84	0.132489037863148	993683	17000	430100000	437250000	427035714.285714
1	LAG-009	competencia_01_ternaria_lags.csv	1	84	0.132489037863148	993683	17500	424050000	430283333.333333	421378571.428571
1	LAG-009	competencia_01_ternaria_lags.csv	1	84	0.132489037863148	993683	18000	421300000	434958333.333333	415446428.571429
1	LAG-009	competencia_01_ternaria_lags.csv	1	84	0.132489037863148	993683	18500	415250000	422216666.666667	412264285.714286
1	LAG-009	competencia_01_ternaria_lags.csv	1	84	0.132489037863148	993683	19000	409200000	412591666.666667	407746428.571429
1	LAG-009	competencia_01_ternaria_lags.csv	1	84	0.132489037863148	121349	4000	332200000	331283333.333333	332592857.142857
1	LAG-009	competencia_01_ternaria_lags.csv	1	84	0.132489037863148	121349	4500	352550000	343566666.666667	356400000
1	LAG-009	competencia_01_ternaria_lags.csv	1	84	0.132489037863148	121349	5000	364100000	351908333.333333	369325000
1	LAG-009	competencia_01_ternaria_lags.csv	1	84	0.132489037863148	121349	5500	382250000	378400000	383900000
1	LAG-009	competencia_01_ternaria_lags.csv	1	84	0.132489037863148	121349	6000	400400000	418275000	392739285.714286
1	LAG-009	competencia_01_ternaria_lags.csv	1	84	0.132489037863148	121349	6500	408650000	429275000	399810714.285714
1	LAG-009	competencia_01_ternaria_lags.csv	1	84	0.132489037863148	121349	7000	422400000	443758333.333333	413246428.571429
1	LAG-009	competencia_01_ternaria_lags.csv	1	84	0.132489037863148	121349	7500	432850000	455675000	423067857.142857
1	LAG-009	competencia_01_ternaria_lags.csv	1	84	0.132489037863148	121349	8000	442200000	477400000	427114285.714286
1	LAG-009	competencia_01_ternaria_lags.csv	1	84	0.132489037863148	121349	8500	441650000	476575000	426682142.857143
1	LAG-009	competencia_01_ternaria_lags.csv	1	84	0.132489037863148	121349	9000	448800000	477675000	436425000
1	LAG-009	competencia_01_ternaria_lags.csv	1	84	0.132489037863148	121349	9500	450450000	466950000	443378571.428571
1	LAG-009	competencia_01_ternaria_lags.csv	1	84	0.132489037863148	121349	10000	456500000	468875000	451196428.571429
1	LAG-009	competencia_01_ternaria_lags.csv	1	84	0.132489037863148	121349	10500	459250000	465850000	456421428.571429
1	LAG-009	competencia_01_ternaria_lags.csv	1	84	0.132489037863148	121349	11000	462000000	480058333.333333	454260714.285714
1	LAG-009	competencia_01_ternaria_lags.csv	1	84	0.132489037863148	121349	11500	459250000	475108333.333333	452453571.428571
1	LAG-009	competencia_01_ternaria_lags.csv	1	84	0.132489037863148	121349	12000	463100000	473000000	458857142.857143
1	LAG-009	competencia_01_ternaria_lags.csv	1	84	0.132489037863148	121349	12500	470250000	492891666.666667	460546428.571429
1	LAG-009	competencia_01_ternaria_lags.csv	1	84	0.132489037863148	121349	13000	468600000	486658333.333333	460860714.285714
1	LAG-009	competencia_01_ternaria_lags.csv	1	84	0.132489037863148	121349	13500	463650000	479783333.333333	456735714.285714
1	LAG-009	competencia_01_ternaria_lags.csv	1	84	0.132489037863148	121349	14000	454300000	465850000	449350000
1	LAG-009	competencia_01_ternaria_lags.csv	1	84	0.132489037863148	121349	14500	455950000	463558333.333333	452689285.714286
1	LAG-009	competencia_01_ternaria_lags.csv	1	84	0.132489037863148	121349	15000	452100000	476666666.666667	441571428.571429
1	LAG-009	competencia_01_ternaria_lags.csv	1	84	0.132489037863148	121349	15500	448250000	479141666.666667	435010714.285714
1	LAG-009	competencia_01_ternaria_lags.csv	1	84	0.132489037863148	121349	16000	442200000	473916666.666667	428607142.857143
1	LAG-009	competencia_01_ternaria_lags.csv	1	84	0.132489037863148	121349	16500	438350000	464200000	427271428.571429
1	LAG-009	competencia_01_ternaria_lags.csv	1	84	0.132489037863148	121349	17000	431200000	462091666.666667	417960714.285714
1	LAG-009	competencia_01_ternaria_lags.csv	1	84	0.132489037863148	121349	17500	427350000	457141666.666667	414582142.857143
1	LAG-009	competencia_01_ternaria_lags.csv	1	84	0.132489037863148	121349	18000	421300000	449625000	409160714.285714
1	LAG-009	competencia_01_ternaria_lags.csv	1	84	0.132489037863148	121349	18500	417450000	440550000	407550000
1	LAG-009	competencia_01_ternaria_lags.csv	1	84	0.132489037863148	121349	19000	410300000	428816666.666667	402364285.714286
2	LAG-009	competencia_01_ternaria_lags.csv	2	112	0.132212106303191	150497	4000	336600000	346316666.666667	332435714.285714
2	LAG-009	competencia_01_ternaria_lags.csv	2	112	0.132212106303191	150497	4500	344850000	342375000	345910714.285714
2	LAG-009	competencia_01_ternaria_lags.csv	2	112	0.132212106303191	150497	5000	365200000	365750000	364964285.714286
2	LAG-009	competencia_01_ternaria_lags.csv	2	112	0.132212106303191	150497	5500	374550000	394716666.666667	365907142.857143
2	LAG-009	competencia_01_ternaria_lags.csv	2	112	0.132212106303191	150497	6000	396000000	421208333.333333	385196428.571429
2	LAG-009	competencia_01_ternaria_lags.csv	2	112	0.132212106303191	150497	6500	411950000	432850000	402992857.142857
2	LAG-009	competencia_01_ternaria_lags.csv	2	112	0.132212106303191	150497	7000	421300000	438258333.333333	414032142.857143
2	LAG-009	competencia_01_ternaria_lags.csv	2	112	0.132212106303191	150497	7500	425150000	447058333.333333	415760714.285714
2	LAG-009	competencia_01_ternaria_lags.csv	2	112	0.132212106303191	150497	8000	430100000	449991666.666667	421575000
2	LAG-009	competencia_01_ternaria_lags.csv	2	112	0.132212106303191	150497	8500	439450000	473733333.333333	424757142.857143
2	LAG-009	competencia_01_ternaria_lags.csv	2	112	0.132212106303191	150497	9000	448800000	467866666.666667	440628571.428571
2	LAG-009	competencia_01_ternaria_lags.csv	2	112	0.132212106303191	150497	9500	450450000	453841666.666667	448996428.571429
2	LAG-009	competencia_01_ternaria_lags.csv	2	112	0.132212106303191	150497	10000	457600000	466583333.333333	453750000
2	LAG-009	competencia_01_ternaria_lags.csv	2	112	0.132212106303191	150497	10500	457050000	460350000	455635714.285714
2	LAG-009	competencia_01_ternaria_lags.csv	2	112	0.132212106303191	150497	11000	460900000	460991666.666667	460860714.285714
2	LAG-009	competencia_01_ternaria_lags.csv	2	112	0.132212106303191	150497	11500	463650000	475016666.666667	458778571.428571
2	LAG-009	competencia_01_ternaria_lags.csv	2	112	0.132212106303191	150497	12000	466400000	476391666.666667	462117857.142857
2	LAG-009	competencia_01_ternaria_lags.csv	2	112	0.132212106303191	150497	12500	470250000	483450000	464592857.142857
2	LAG-009	competencia_01_ternaria_lags.csv	2	112	0.132212106303191	150497	13000	468600000	480150000	463650000
2	LAG-009	competencia_01_ternaria_lags.csv	2	112	0.132212106303191	150497	13500	469150000	475566666.666667	466400000
2	LAG-009	competencia_01_ternaria_lags.csv	2	112	0.132212106303191	150497	14000	470800000	487666666.666667	463571428.571429
2	LAG-009	competencia_01_ternaria_lags.csv	2	112	0.132212106303191	150497	14500	463650000	485466666.666667	454300000
2	LAG-009	competencia_01_ternaria_lags.csv	2	112	0.132212106303191	150497	15000	457600000	473366666.666667	450842857.142857
2	LAG-009	competencia_01_ternaria_lags.csv	2	112	0.132212106303191	150497	15500	452650000	467683333.333333	446207142.857143
2	LAG-009	competencia_01_ternaria_lags.csv	2	112	0.132212106303191	150497	16000	454300000	471350000	446992857.142857
2	LAG-009	competencia_01_ternaria_lags.csv	2	112	0.132212106303191	150497	16500	450450000	471441666.666667	441453571.428572
2	LAG-009	competencia_01_ternaria_lags.csv	2	112	0.132212106303191	150497	17000	442200000	460350000	434421428.571429
2	LAG-009	competencia_01_ternaria_lags.csv	2	112	0.132212106303191	150497	17500	437250000	464108333.333333	425739285.714286
2	LAG-009	competencia_01_ternaria_lags.csv	2	112	0.132212106303191	150497	18000	432300000	450083333.333333	424678571.428572
2	LAG-009	competencia_01_ternaria_lags.csv	2	112	0.132212106303191	150497	18500	422950000	434958333.333333	417803571.428571
2	LAG-009	competencia_01_ternaria_lags.csv	2	112	0.132212106303191	150497	19000	413600000	424233333.333333	409042857.142857
2	LAG-009	competencia_01_ternaria_lags.csv	2	112	0.132212106303191	931363	4000	337700000	342650000	335578571.428571
2	LAG-009	competencia_01_ternaria_lags.csv	2	112	0.132212106303191	931363	4500	356950000	357866666.666667	356557142.857143
2	LAG-009	competencia_01_ternaria_lags.csv	2	112	0.132212106303191	931363	5000	368500000	372991666.666667	366575000
2	LAG-009	competencia_01_ternaria_lags.csv	2	112	0.132212106303191	931363	5500	377850000	392791666.666667	371446428.571429
2	LAG-009	competencia_01_ternaria_lags.csv	2	112	0.132212106303191	931363	6000	386100000	389491666.666667	384646428.571429
2	LAG-009	competencia_01_ternaria_lags.csv	2	112	0.132212106303191	931363	6500	403150000	417725000	396903571.428572
2	LAG-009	competencia_01_ternaria_lags.csv	2	112	0.132212106303191	931363	7000	422400000	436241666.666667	416467857.142857
2	LAG-009	competencia_01_ternaria_lags.csv	2	112	0.132212106303191	931363	7500	428450000	449441666.666667	419453571.428572
2	LAG-009	competencia_01_ternaria_lags.csv	2	112	0.132212106303191	931363	8000	440000000	472175000	426210714.285714
2	LAG-009	competencia_01_ternaria_lags.csv	2	112	0.132212106303191	931363	8500	446050000	462825000	438860714.285714
2	LAG-009	competencia_01_ternaria_lags.csv	2	112	0.132212106303191	931363	9000	453200000	471441666.666667	445382142.857143
2	LAG-009	competencia_01_ternaria_lags.csv	2	112	0.132212106303191	931363	9500	453750000	464383333.333333	449192857.142857
2	LAG-009	competencia_01_ternaria_lags.csv	2	112	0.132212106303191	931363	10000	451000000	475933333.333333	440314285.714286
2	LAG-009	competencia_01_ternaria_lags.csv	2	112	0.132212106303191	931363	10500	453750000	476666666.666667	443928571.428572
2	LAG-009	competencia_01_ternaria_lags.csv	2	112	0.132212106303191	931363	11000	462000000	466858333.333333	459917857.142857
2	LAG-009	competencia_01_ternaria_lags.csv	2	112	0.132212106303191	931363	11500	460350000	459891666.666667	460546428.571429
2	LAG-009	competencia_01_ternaria_lags.csv	2	112	0.132212106303191	931363	12000	466400000	466858333.333333	466203571.428572
2	LAG-009	competencia_01_ternaria_lags.csv	2	112	0.132212106303191	931363	12500	468050000	471533333.333333	466557142.857143
2	LAG-009	competencia_01_ternaria_lags.csv	2	112	0.132212106303191	931363	13000	469700000	491700000	460271428.571429
2	LAG-009	competencia_01_ternaria_lags.csv	2	112	0.132212106303191	931363	13500	464750000	481433333.333333	457600000
2	LAG-009	competencia_01_ternaria_lags.csv	2	112	0.132212106303191	931363	14000	466400000	493166666.666667	454928571.428571
2	LAG-009	competencia_01_ternaria_lags.csv	2	112	0.132212106303191	931363	14500	463650000	491516666.666667	451707142.857143
2	LAG-009	competencia_01_ternaria_lags.csv	2	112	0.132212106303191	931363	15000	459800000	484458333.333333	449232142.857143
2	LAG-009	competencia_01_ternaria_lags.csv	2	112	0.132212106303191	931363	15500	458150000	481708333.333333	448053571.428571
2	LAG-009	competencia_01_ternaria_lags.csv	2	112	0.132212106303191	931363	16000	452100000	474558333.333333	442475000
2	LAG-009	competencia_01_ternaria_lags.csv	2	112	0.132212106303191	931363	16500	444950000	463558333.333333	436975000
2	LAG-009	competencia_01_ternaria_lags.csv	2	112	0.132212106303191	931363	17000	441100000	457233333.333333	434185714.285714
2	LAG-009	competencia_01_ternaria_lags.csv	2	112	0.132212106303191	931363	17500	435050000	446050000	430335714.285714
2	LAG-009	competencia_01_ternaria_lags.csv	2	112	0.132212106303191	931363	18000	427900000	443116666.666667	421378571.428571
2	LAG-009	competencia_01_ternaria_lags.csv	2	112	0.132212106303191	931363	18500	418550000	433400000	412185714.285714
2	LAG-009	competencia_01_ternaria_lags.csv	2	112	0.132212106303191	931363	19000	410300000	425516666.666667	403778571.428571
2	LAG-009	competencia_01_ternaria_lags.csv	2	112	0.132212106303191	240707	4000	334400000	335958333.333333	333732142.857143
2	LAG-009	competencia_01_ternaria_lags.csv	2	112	0.132212106303191	240707	4500	354750000	364466666.666667	350585714.285714
2	LAG-009	competencia_01_ternaria_lags.csv	2	112	0.132212106303191	240707	5000	367400000	377300000	363157142.857143
2	LAG-009	competencia_01_ternaria_lags.csv	2	112	0.132212106303191	240707	5500	369050000	390408333.333333	359896428.571429
2	LAG-009	competencia_01_ternaria_lags.csv	2	112	0.132212106303191	240707	6000	389400000	417633333.333333	377300000
2	LAG-009	competencia_01_ternaria_lags.csv	2	112	0.132212106303191	240707	6500	403150000	426066666.666667	393328571.428571
2	LAG-009	competencia_01_ternaria_lags.csv	2	112	0.132212106303191	240707	7000	420200000	442383333.333333	410692857.142857
2	LAG-009	competencia_01_ternaria_lags.csv	2	112	0.132212106303191	240707	7500	430650000	452283333.333333	421378571.428571
2	LAG-009	competencia_01_ternaria_lags.csv	2	112	0.132212106303191	240707	8000	434500000	451458333.333333	427232142.857143
2	LAG-009	competencia_01_ternaria_lags.csv	2	112	0.132212106303191	240707	8500	436150000	462183333.333333	424992857.142857
2	LAG-009	competencia_01_ternaria_lags.csv	2	112	0.132212106303191	240707	9000	445500000	473916666.666667	433321428.571429
2	LAG-009	competencia_01_ternaria_lags.csv	2	112	0.132212106303191	240707	9500	447150000	471625000	436660714.285714
2	LAG-009	competencia_01_ternaria_lags.csv	2	112	0.132212106303191	240707	10000	452100000	471808333.333333	443653571.428572
2	LAG-009	competencia_01_ternaria_lags.csv	2	112	0.132212106303191	240707	10500	455950000	469883333.333333	449978571.428571
2	LAG-009	competencia_01_ternaria_lags.csv	2	112	0.132212106303191	240707	11000	460900000	470341666.666667	456853571.428572
2	LAG-009	competencia_01_ternaria_lags.csv	2	112	0.132212106303191	240707	11500	468050000	479416666.666667	463178571.428572
2	LAG-009	competencia_01_ternaria_lags.csv	2	112	0.132212106303191	240707	12000	467500000	475933333.333333	463885714.285714
2	LAG-009	competencia_01_ternaria_lags.csv	2	112	0.132212106303191	240707	12500	469150000	482166666.666667	463571428.571429
2	LAG-009	competencia_01_ternaria_lags.csv	2	112	0.132212106303191	240707	13000	471900000	488858333.333333	464632142.857143
2	LAG-009	competencia_01_ternaria_lags.csv	2	112	0.132212106303191	240707	13500	471350000	481341666.666667	467067857.142857
2	LAG-009	competencia_01_ternaria_lags.csv	2	112	0.132212106303191	240707	14000	467500000	485466666.666667	459800000
2	LAG-009	competencia_01_ternaria_lags.csv	2	112	0.132212106303191	240707	14500	459250000	471625000	453946428.571429
2	LAG-009	competencia_01_ternaria_lags.csv	2	112	0.132212106303191	240707	15000	458700000	472816666.666667	452650000
2	LAG-009	competencia_01_ternaria_lags.csv	2	112	0.132212106303191	240707	15500	452650000	470616666.666667	444950000
2	LAG-009	competencia_01_ternaria_lags.csv	2	112	0.132212106303191	240707	16000	447700000	463375000	440982142.857143
2	LAG-009	competencia_01_ternaria_lags.csv	2	112	0.132212106303191	240707	16500	448250000	463466666.666667	441728571.428571
2	LAG-009	competencia_01_ternaria_lags.csv	2	112	0.132212106303191	240707	17000	446600000	468325000	437289285.714286
2	LAG-009	competencia_01_ternaria_lags.csv	2	112	0.132212106303191	240707	17500	439450000	454941666.666667	432810714.285714
2	LAG-009	competencia_01_ternaria_lags.csv	2	112	0.132212106303191	240707	18000	434500000	444583333.333333	430178571.428572
2	LAG-009	competencia_01_ternaria_lags.csv	2	112	0.132212106303191	240707	18500	425150000	434133333.333333	421300000
2	LAG-009	competencia_01_ternaria_lags.csv	2	112	0.132212106303191	240707	19000	415800000	420475000	413796428.571429
2	LAG-009	competencia_01_ternaria_lags.csv	2	112	0.132212106303191	993683	4000	344300000	336050000	347835714.285714
2	LAG-009	competencia_01_ternaria_lags.csv	2	112	0.132212106303191	993683	4500	354750000	346958333.333333	358089285.714286
2	LAG-009	competencia_01_ternaria_lags.csv	2	112	0.132212106303191	993683	5000	370700000	383533333.333333	365200000
2	LAG-009	competencia_01_ternaria_lags.csv	2	112	0.132212106303191	993683	5500	378950000	398566666.666667	370542857.142857
2	LAG-009	competencia_01_ternaria_lags.csv	2	112	0.132212106303191	993683	6000	391600000	410300000	383585714.285714
2	LAG-009	competencia_01_ternaria_lags.csv	2	112	0.132212106303191	993683	6500	396550000	417908333.333333	387396428.571429
2	LAG-009	competencia_01_ternaria_lags.csv	2	112	0.132212106303191	993683	7000	420200000	440825000	411360714.285714
2	LAG-009	competencia_01_ternaria_lags.csv	2	112	0.132212106303191	993683	7500	426250000	457508333.333333	412853571.428571
2	LAG-009	competencia_01_ternaria_lags.csv	2	112	0.132212106303191	993683	8000	426800000	461358333.333333	411989285.714286
2	LAG-009	competencia_01_ternaria_lags.csv	2	112	0.132212106303191	993683	8500	433950000	454758333.333333	425032142.857143
2	LAG-009	competencia_01_ternaria_lags.csv	2	112	0.132212106303191	993683	9000	441100000	454575000	435325000
2	LAG-009	competencia_01_ternaria_lags.csv	2	112	0.132212106303191	993683	9500	448250000	460991666.666667	442789285.714286
2	LAG-009	competencia_01_ternaria_lags.csv	2	112	0.132212106303191	993683	10000	447700000	455033333.333333	444557142.857143
2	LAG-009	competencia_01_ternaria_lags.csv	2	112	0.132212106303191	993683	10500	453750000	470341666.666667	446639285.714286
2	LAG-009	competencia_01_ternaria_lags.csv	2	112	0.132212106303191	993683	11000	459800000	474466666.666667	453514285.714286
2	LAG-009	competencia_01_ternaria_lags.csv	2	112	0.132212106303191	993683	11500	454850000	470158333.333333	448289285.714286
2	LAG-009	competencia_01_ternaria_lags.csv	2	112	0.132212106303191	993683	12000	459800000	475383333.333333	453121428.571429
2	LAG-009	competencia_01_ternaria_lags.csv	2	112	0.132212106303191	993683	12500	462550000	470983333.333333	458935714.285714
2	LAG-009	competencia_01_ternaria_lags.csv	2	112	0.132212106303191	993683	13000	464200000	486016666.666667	454850000
2	LAG-009	competencia_01_ternaria_lags.csv	2	112	0.132212106303191	993683	13500	470250000	486383333.333333	463335714.285714
2	LAG-009	competencia_01_ternaria_lags.csv	2	112	0.132212106303191	993683	14000	467500000	493533333.333333	456342857.142857
2	LAG-009	competencia_01_ternaria_lags.csv	2	112	0.132212106303191	993683	14500	464750000	487941666.666667	454810714.285714
2	LAG-009	competencia_01_ternaria_lags.csv	2	112	0.132212106303191	993683	15000	458700000	480150000	449507142.857143
2	LAG-009	competencia_01_ternaria_lags.csv	2	112	0.132212106303191	993683	15500	455950000	483450000	444164285.714286
2	LAG-009	competencia_01_ternaria_lags.csv	2	112	0.132212106303191	993683	16000	453200000	471625000	445303571.428572
2	LAG-009	competencia_01_ternaria_lags.csv	2	112	0.132212106303191	993683	16500	451550000	469333333.333333	443928571.428572
2	LAG-009	competencia_01_ternaria_lags.csv	2	112	0.132212106303191	993683	17000	446600000	461541666.666667	440196428.571429
2	LAG-009	competencia_01_ternaria_lags.csv	2	112	0.132212106303191	993683	17500	436150000	449441666.666667	430453571.428571
2	LAG-009	competencia_01_ternaria_lags.csv	2	112	0.132212106303191	993683	18000	425700000	435416666.666667	421535714.285714
2	LAG-009	competencia_01_ternaria_lags.csv	2	112	0.132212106303191	993683	18500	420750000	435233333.333333	414542857.142857
2	LAG-009	competencia_01_ternaria_lags.csv	2	112	0.132212106303191	993683	19000	413600000	425241666.666667	408610714.285714
2	LAG-009	competencia_01_ternaria_lags.csv	2	112	0.132212106303191	121349	4000	341000000	328716666.666667	346264285.714286
2	LAG-009	competencia_01_ternaria_lags.csv	2	112	0.132212106303191	121349	4500	351450000	356766666.666667	349171428.571429
2	LAG-009	competencia_01_ternaria_lags.csv	2	112	0.132212106303191	121349	5000	364100000	369050000	361978571.428572
2	LAG-009	competencia_01_ternaria_lags.csv	2	112	0.132212106303191	121349	5500	373450000	394441666.666667	364453571.428572
2	LAG-009	competencia_01_ternaria_lags.csv	2	112	0.132212106303191	121349	6000	390500000	407275000	383310714.285714
2	LAG-009	competencia_01_ternaria_lags.csv	2	112	0.132212106303191	121349	6500	406450000	425883333.333333	398121428.571429
2	LAG-009	competencia_01_ternaria_lags.csv	2	112	0.132212106303191	121349	7000	421300000	453016666.666667	407707142.857143
2	LAG-009	competencia_01_ternaria_lags.csv	2	112	0.132212106303191	121349	7500	431750000	462458333.333333	418589285.714286
2	LAG-009	competencia_01_ternaria_lags.csv	2	112	0.132212106303191	121349	8000	434500000	463558333.333333	422046428.571429
2	LAG-009	competencia_01_ternaria_lags.csv	2	112	0.132212106303191	121349	8500	440550000	468050000	428764285.714286
2	LAG-009	competencia_01_ternaria_lags.csv	2	112	0.132212106303191	121349	9000	446600000	471900000	435757142.857143
2	LAG-009	competencia_01_ternaria_lags.csv	2	112	0.132212106303191	121349	9500	448250000	465850000	440707142.857143
2	LAG-009	competencia_01_ternaria_lags.csv	2	112	0.132212106303191	121349	10000	453200000	462091666.666667	449389285.714286
2	LAG-009	competencia_01_ternaria_lags.csv	2	112	0.132212106303191	121349	10500	457050000	465850000	453278571.428572
2	LAG-009	competencia_01_ternaria_lags.csv	2	112	0.132212106303191	121349	11000	463100000	476666666.666667	457285714.285714
2	LAG-009	competencia_01_ternaria_lags.csv	2	112	0.132212106303191	121349	11500	462550000	473458333.333333	457875000
2	LAG-009	competencia_01_ternaria_lags.csv	2	112	0.132212106303191	121349	12000	458700000	466216666.666667	455478571.428572
2	LAG-009	competencia_01_ternaria_lags.csv	2	112	0.132212106303191	121349	12500	463650000	474008333.333333	459210714.285714
2	LAG-009	competencia_01_ternaria_lags.csv	2	112	0.132212106303191	121349	13000	462000000	481433333.333333	453671428.571429
2	LAG-009	competencia_01_ternaria_lags.csv	2	112	0.132212106303191	121349	13500	461450000	488950000	449664285.714286
2	LAG-009	competencia_01_ternaria_lags.csv	2	112	0.132212106303191	121349	14000	462000000	478958333.333333	454732142.857143
2	LAG-009	competencia_01_ternaria_lags.csv	2	112	0.132212106303191	121349	14500	454850000	463741666.666667	451039285.714286
2	LAG-009	competencia_01_ternaria_lags.csv	2	112	0.132212106303191	121349	15000	453200000	461083333.333333	449821428.571429
2	LAG-009	competencia_01_ternaria_lags.csv	2	112	0.132212106303191	121349	15500	457050000	470983333.333333	451078571.428571
2	LAG-009	competencia_01_ternaria_lags.csv	2	112	0.132212106303191	121349	16000	454300000	467683333.333333	448564285.714286
2	LAG-009	competencia_01_ternaria_lags.csv	2	112	0.132212106303191	121349	16500	451550000	461541666.666667	447267857.142857
2	LAG-009	competencia_01_ternaria_lags.csv	2	112	0.132212106303191	121349	17000	443300000	455400000	438114285.714286
2	LAG-009	competencia_01_ternaria_lags.csv	2	112	0.132212106303191	121349	17500	432850000	448708333.333333	426053571.428572
2	LAG-009	competencia_01_ternaria_lags.csv	2	112	0.132212106303191	121349	18000	426800000	444583333.333333	419178571.428571
2	LAG-009	competencia_01_ternaria_lags.csv	2	112	0.132212106303191	121349	18500	420750000	434133333.333333	415014285.714286
2	LAG-009	competencia_01_ternaria_lags.csv	2	112	0.132212106303191	121349	19000	411400000	423041666.666667	406410714.285714
3	LAG-009	competencia_01_ternaria_lags.csv	3	87	0.131995513814872	150497	4000	330000000	327250000	331178571.428571
3	LAG-009	competencia_01_ternaria_lags.csv	3	87	0.131995513814872	150497	4500	352550000	350625000	353375000
3	LAG-009	competencia_01_ternaria_lags.csv	3	87	0.131995513814872	150497	5000	365200000	377116666.666667	360092857.142857
3	LAG-009	competencia_01_ternaria_lags.csv	3	87	0.131995513814872	150497	5500	383350000	405533333.333333	373842857.142857
3	LAG-009	competencia_01_ternaria_lags.csv	3	87	0.131995513814872	150497	6000	399300000	423591666.666667	388889285.714286
3	LAG-009	competencia_01_ternaria_lags.csv	3	87	0.131995513814872	150497	6500	410850000	443116666.666667	397021428.571429
3	LAG-009	competencia_01_ternaria_lags.csv	3	87	0.131995513814872	150497	7000	421300000	454391666.666667	407117857.142857
3	LAG-009	competencia_01_ternaria_lags.csv	3	87	0.131995513814872	150497	7500	429550000	456500000	418000000
3	LAG-009	competencia_01_ternaria_lags.csv	3	87	0.131995513814872	150497	8000	437800000	468325000	424717857.142857
3	LAG-009	competencia_01_ternaria_lags.csv	3	87	0.131995513814872	150497	8500	444950000	470341666.666667	434067857.142857
3	LAG-009	competencia_01_ternaria_lags.csv	3	87	0.131995513814872	150497	9000	448800000	474741666.666667	437682142.857143
3	LAG-009	competencia_01_ternaria_lags.csv	3	87	0.131995513814872	150497	9500	454850000	483358333.333333	442632142.857143
3	LAG-009	competencia_01_ternaria_lags.csv	3	87	0.131995513814872	150497	10000	459800000	481800000	450371428.571429
3	LAG-009	competencia_01_ternaria_lags.csv	3	87	0.131995513814872	150497	10500	461450000	482075000	452610714.285714
3	LAG-009	competencia_01_ternaria_lags.csv	3	87	0.131995513814872	150497	11000	463100000	481983333.333333	455007142.857143
3	LAG-009	competencia_01_ternaria_lags.csv	3	87	0.131995513814872	150497	11500	465850000	473183333.333333	462707142.857143
3	LAG-009	competencia_01_ternaria_lags.csv	3	87	0.131995513814872	150497	12000	470800000	478316666.666667	467578571.428571
3	LAG-009	competencia_01_ternaria_lags.csv	3	87	0.131995513814872	150497	12500	465850000	470616666.666667	463807142.857143
3	LAG-009	competencia_01_ternaria_lags.csv	3	87	0.131995513814872	150497	13000	467500000	475566666.666667	464042857.142857
3	LAG-009	competencia_01_ternaria_lags.csv	3	87	0.131995513814872	150497	13500	468050000	478683333.333333	463492857.142857
3	LAG-009	competencia_01_ternaria_lags.csv	3	87	0.131995513814872	150497	14000	468600000	482258333.333333	462746428.571429
3	LAG-009	competencia_01_ternaria_lags.csv	3	87	0.131995513814872	150497	14500	465850000	486475000	457010714.285714
3	LAG-009	competencia_01_ternaria_lags.csv	3	87	0.131995513814872	150497	15000	458700000	479416666.666667	449821428.571429
3	LAG-009	competencia_01_ternaria_lags.csv	3	87	0.131995513814872	150497	15500	452650000	470158333.333333	445146428.571429
3	LAG-009	competencia_01_ternaria_lags.csv	3	87	0.131995513814872	150497	16000	449900000	470250000	441178571.428572
3	LAG-009	competencia_01_ternaria_lags.csv	3	87	0.131995513814872	150497	16500	446050000	463191666.666667	438703571.428572
3	LAG-009	competencia_01_ternaria_lags.csv	3	87	0.131995513814872	150497	17000	441100000	450083333.333333	437250000
3	LAG-009	competencia_01_ternaria_lags.csv	3	87	0.131995513814872	150497	17500	435050000	442291666.666667	431946428.571429
3	LAG-009	competencia_01_ternaria_lags.csv	3	87	0.131995513814872	150497	18000	426800000	432391666.666667	424403571.428571
3	LAG-009	competencia_01_ternaria_lags.csv	3	87	0.131995513814872	150497	18500	419650000	422950000	418235714.285714
3	LAG-009	competencia_01_ternaria_lags.csv	3	87	0.131995513814872	150497	19000	411400000	409016666.666667	412421428.571429
3	LAG-009	competencia_01_ternaria_lags.csv	3	87	0.131995513814872	931363	4000	339900000	343566666.666667	338328571.428572
3	LAG-009	competencia_01_ternaria_lags.csv	3	87	0.131995513814872	931363	4500	352550000	358141666.666667	350153571.428571
3	LAG-009	competencia_01_ternaria_lags.csv	3	87	0.131995513814872	931363	5000	368500000	387566666.666667	360328571.428571
3	LAG-009	competencia_01_ternaria_lags.csv	3	87	0.131995513814872	931363	5500	381150000	406175000	370425000
3	LAG-009	competencia_01_ternaria_lags.csv	3	87	0.131995513814872	931363	6000	388300000	412958333.333333	377732142.857143
3	LAG-009	competencia_01_ternaria_lags.csv	3	87	0.131995513814872	931363	6500	411950000	452558333.333333	394546428.571429
3	LAG-009	competencia_01_ternaria_lags.csv	3	87	0.131995513814872	931363	7000	415800000	447333333.333333	402285714.285714
3	LAG-009	competencia_01_ternaria_lags.csv	3	87	0.131995513814872	931363	7500	421850000	457233333.333333	406685714.285714
3	LAG-009	competencia_01_ternaria_lags.csv	3	87	0.131995513814872	931363	8000	427900000	455216666.666667	416192857.142857
3	LAG-009	competencia_01_ternaria_lags.csv	3	87	0.131995513814872	931363	8500	437250000	463650000	425935714.285714
3	LAG-009	competencia_01_ternaria_lags.csv	3	87	0.131995513814872	931363	9000	437800000	468325000	424717857.142857
3	LAG-009	competencia_01_ternaria_lags.csv	3	87	0.131995513814872	931363	9500	443850000	468966666.666667	433085714.285714
3	LAG-009	competencia_01_ternaria_lags.csv	3	87	0.131995513814872	931363	10000	451000000	469150000	443221428.571429
3	LAG-009	competencia_01_ternaria_lags.csv	3	87	0.131995513814872	931363	10500	460350000	466033333.333333	457914285.714286
3	LAG-009	competencia_01_ternaria_lags.csv	3	87	0.131995513814872	931363	11000	459800000	462366666.666667	458700000
3	LAG-009	competencia_01_ternaria_lags.csv	3	87	0.131995513814872	931363	11500	463650000	470158333.333333	460860714.285714
3	LAG-009	competencia_01_ternaria_lags.csv	3	87	0.131995513814872	931363	12000	469700000	471350000	468992857.142857
3	LAG-009	competencia_01_ternaria_lags.csv	3	87	0.131995513814872	931363	12500	469150000	475016666.666667	466635714.285714
3	LAG-009	competencia_01_ternaria_lags.csv	3	87	0.131995513814872	931363	13000	466400000	469425000	465103571.428571
3	LAG-009	competencia_01_ternaria_lags.csv	3	87	0.131995513814872	931363	13500	466950000	483725000	459760714.285714
3	LAG-009	competencia_01_ternaria_lags.csv	3	87	0.131995513814872	931363	14000	462000000	482533333.333333	453200000
3	LAG-009	competencia_01_ternaria_lags.csv	3	87	0.131995513814872	931363	14500	455950000	478591666.666667	446246428.571429
3	LAG-009	competencia_01_ternaria_lags.csv	3	87	0.131995513814872	931363	15000	449900000	475200000	439057142.857143
3	LAG-009	competencia_01_ternaria_lags.csv	3	87	0.131995513814872	931363	15500	448250000	465208333.333333	440982142.857143
3	LAG-009	competencia_01_ternaria_lags.csv	3	87	0.131995513814872	931363	16000	443300000	457325000	437289285.714286
3	LAG-009	competencia_01_ternaria_lags.csv	3	87	0.131995513814872	931363	16500	438350000	448341666.666667	434067857.142857
3	LAG-009	competencia_01_ternaria_lags.csv	3	87	0.131995513814872	931363	17000	434500000	437800000	433085714.285714
3	LAG-009	competencia_01_ternaria_lags.csv	3	87	0.131995513814872	931363	17500	427350000	427258333.333333	427389285.714286
3	LAG-009	competencia_01_ternaria_lags.csv	3	87	0.131995513814872	931363	18000	424600000	431475000	421653571.428571
3	LAG-009	competencia_01_ternaria_lags.csv	3	87	0.131995513814872	931363	18500	416350000	421025000	414346428.571429
3	LAG-009	competencia_01_ternaria_lags.csv	3	87	0.131995513814872	931363	19000	411400000	411858333.333333	411203571.428571
3	LAG-009	competencia_01_ternaria_lags.csv	3	87	0.131995513814872	240707	4000	331100000	324041666.666667	334125000
3	LAG-009	competencia_01_ternaria_lags.csv	3	87	0.131995513814872	240707	4500	359150000	370608333.333333	354239285.714286
3	LAG-009	competencia_01_ternaria_lags.csv	3	87	0.131995513814872	240707	5000	365200000	386191666.666667	356203571.428572
3	LAG-009	competencia_01_ternaria_lags.csv	3	87	0.131995513814872	240707	5500	377850000	413141666.666667	362725000
3	LAG-009	competencia_01_ternaria_lags.csv	3	87	0.131995513814872	240707	6000	388300000	428541666.666667	371053571.428571
3	LAG-009	competencia_01_ternaria_lags.csv	3	87	0.131995513814872	240707	6500	399850000	436425000	384175000
3	LAG-009	competencia_01_ternaria_lags.csv	3	87	0.131995513814872	240707	7000	423500000	459708333.333333	407982142.857143
3	LAG-009	competencia_01_ternaria_lags.csv	3	87	0.131995513814872	240707	7500	432850000	467591666.666667	417960714.285714
3	LAG-009	competencia_01_ternaria_lags.csv	3	87	0.131995513814872	240707	8000	440000000	476666666.666667	424285714.285714
3	LAG-009	competencia_01_ternaria_lags.csv	3	87	0.131995513814872	240707	8500	436150000	473000000	420357142.857143
3	LAG-009	competencia_01_ternaria_lags.csv	3	87	0.131995513814872	240707	9000	447700000	473733333.333333	436542857.142857
3	LAG-009	competencia_01_ternaria_lags.csv	3	87	0.131995513814872	240707	9500	451550000	470158333.333333	443575000
3	LAG-009	competencia_01_ternaria_lags.csv	3	87	0.131995513814872	240707	10000	458700000	467866666.666667	454771428.571429
3	LAG-009	competencia_01_ternaria_lags.csv	3	87	0.131995513814872	240707	10500	464750000	471808333.333333	461725000
3	LAG-009	competencia_01_ternaria_lags.csv	3	87	0.131995513814872	240707	11000	469700000	475200000	467342857.142857
3	LAG-009	competencia_01_ternaria_lags.csv	3	87	0.131995513814872	240707	11500	470250000	472358333.333333	469346428.571429
3	LAG-009	competencia_01_ternaria_lags.csv	3	87	0.131995513814872	240707	12000	463100000	465208333.333333	462196428.571429
3	LAG-009	competencia_01_ternaria_lags.csv	3	87	0.131995513814872	240707	12500	470250000	474100000	468600000
3	LAG-009	competencia_01_ternaria_lags.csv	3	87	0.131995513814872	240707	13000	468600000	478500000	464357142.857143
3	LAG-009	competencia_01_ternaria_lags.csv	3	87	0.131995513814872	240707	13500	462550000	471625000	458660714.285714
3	LAG-009	competencia_01_ternaria_lags.csv	3	87	0.131995513814872	240707	14000	452100000	461266666.666667	448171428.571429
3	LAG-009	competencia_01_ternaria_lags.csv	3	87	0.131995513814872	240707	14500	450450000	465483333.333333	444007142.857143
3	LAG-009	competencia_01_ternaria_lags.csv	3	87	0.131995513814872	240707	15000	443300000	461908333.333333	435325000
3	LAG-009	competencia_01_ternaria_lags.csv	3	87	0.131995513814872	240707	15500	443850000	458516666.666667	437564285.714286
3	LAG-009	competencia_01_ternaria_lags.csv	3	87	0.131995513814872	240707	16000	444400000	458883333.333333	438192857.142857
3	LAG-009	competencia_01_ternaria_lags.csv	3	87	0.131995513814872	240707	16500	437250000	449441666.666667	432025000
3	LAG-009	competencia_01_ternaria_lags.csv	3	87	0.131995513814872	240707	17000	437800000	444675000	434853571.428572
3	LAG-009	competencia_01_ternaria_lags.csv	3	87	0.131995513814872	240707	17500	433950000	435966666.666667	433085714.285714
3	LAG-009	competencia_01_ternaria_lags.csv	3	87	0.131995513814872	240707	18000	425700000	428175000	424639285.714286
3	LAG-009	competencia_01_ternaria_lags.csv	3	87	0.131995513814872	240707	18500	417450000	421116666.666667	415878571.428572
3	LAG-009	competencia_01_ternaria_lags.csv	3	87	0.131995513814872	240707	19000	408100000	415891666.666667	404760714.285714
3	LAG-009	competencia_01_ternaria_lags.csv	3	87	0.131995513814872	993683	4000	333300000	327250000	335892857.142857
3	LAG-009	competencia_01_ternaria_lags.csv	3	87	0.131995513814872	993683	4500	349250000	349158333.333333	349289285.714286
3	LAG-009	competencia_01_ternaria_lags.csv	3	87	0.131995513814872	993683	5000	368500000	383441666.666667	362096428.571429
3	LAG-009	competencia_01_ternaria_lags.csv	3	87	0.131995513814872	993683	5500	377850000	397558333.333333	369403571.428571
3	LAG-009	competencia_01_ternaria_lags.csv	3	87	0.131995513814872	993683	6000	393800000	422125000	381660714.285714
3	LAG-009	competencia_01_ternaria_lags.csv	3	87	0.131995513814872	993683	6500	410850000	458608333.333333	390382142.857143
3	LAG-009	competencia_01_ternaria_lags.csv	3	87	0.131995513814872	993683	7000	421300000	456408333.333333	406253571.428571
3	LAG-009	competencia_01_ternaria_lags.csv	3	87	0.131995513814872	993683	7500	429550000	467958333.333333	413089285.714286
3	LAG-009	competencia_01_ternaria_lags.csv	3	87	0.131995513814872	993683	8000	437800000	472450000	422950000
3	LAG-009	competencia_01_ternaria_lags.csv	3	87	0.131995513814872	993683	8500	448250000	472450000	437878571.428571
3	LAG-009	competencia_01_ternaria_lags.csv	3	87	0.131995513814872	993683	9000	451000000	474650000	440864285.714286
3	LAG-009	competencia_01_ternaria_lags.csv	3	87	0.131995513814872	993683	9500	459250000	482900000	449114285.714286
3	LAG-009	competencia_01_ternaria_lags.csv	3	87	0.131995513814872	993683	10000	458700000	472725000	452689285.714286
3	LAG-009	competencia_01_ternaria_lags.csv	3	87	0.131995513814872	993683	10500	466950000	475933333.333333	463100000
3	LAG-009	competencia_01_ternaria_lags.csv	3	87	0.131995513814872	993683	11000	463100000	466583333.333333	461607142.857143
3	LAG-009	competencia_01_ternaria_lags.csv	3	87	0.131995513814872	993683	11500	466950000	470708333.333333	465339285.714286
3	LAG-009	competencia_01_ternaria_lags.csv	3	87	0.131995513814872	993683	12000	466400000	478041666.666667	461410714.285714
3	LAG-009	competencia_01_ternaria_lags.csv	3	87	0.131995513814872	993683	12500	462550000	471258333.333333	458817857.142857
3	LAG-009	competencia_01_ternaria_lags.csv	3	87	0.131995513814872	993683	13000	465300000	468966666.666667	463728571.428571
3	LAG-009	competencia_01_ternaria_lags.csv	3	87	0.131995513814872	993683	13500	459250000	470433333.333333	454457142.857143
3	LAG-009	competencia_01_ternaria_lags.csv	3	87	0.131995513814872	993683	14000	458700000	474191666.666667	452060714.285714
3	LAG-009	competencia_01_ternaria_lags.csv	3	87	0.131995513814872	993683	14500	457050000	471441666.666667	450882142.857143
3	LAG-009	competencia_01_ternaria_lags.csv	3	87	0.131995513814872	993683	15000	454300000	470708333.333333	447267857.142857
3	LAG-009	competencia_01_ternaria_lags.csv	3	87	0.131995513814872	993683	15500	450450000	470250000	441964285.714286
3	LAG-009	competencia_01_ternaria_lags.csv	3	87	0.131995513814872	993683	16000	445500000	469975000	435010714.285714
3	LAG-009	competencia_01_ternaria_lags.csv	3	87	0.131995513814872	993683	16500	442750000	461358333.333333	434775000
3	LAG-009	competencia_01_ternaria_lags.csv	3	87	0.131995513814872	993683	17000	440000000	455216666.666667	433478571.428572
3	LAG-009	competencia_01_ternaria_lags.csv	3	87	0.131995513814872	993683	17500	435050000	449258333.333333	428960714.285714
3	LAG-009	competencia_01_ternaria_lags.csv	3	87	0.131995513814872	993683	18000	426800000	438533333.333333	421771428.571429
3	LAG-009	competencia_01_ternaria_lags.csv	3	87	0.131995513814872	993683	18500	418550000	428541666.666667	414267857.142857
3	LAG-009	competencia_01_ternaria_lags.csv	3	87	0.131995513814872	993683	19000	412500000	417633333.333333	410300000
3	LAG-009	competencia_01_ternaria_lags.csv	3	87	0.131995513814872	121349	4000	342100000	339075000	343396428.571429
3	LAG-009	competencia_01_ternaria_lags.csv	3	87	0.131995513814872	121349	4500	352550000	338525000	358560714.285714
3	LAG-009	competencia_01_ternaria_lags.csv	3	87	0.131995513814872	121349	5000	366300000	360341666.666667	368853571.428572
3	LAG-009	competencia_01_ternaria_lags.csv	3	87	0.131995513814872	121349	5500	382250000	413416666.666667	368892857.142857
3	LAG-009	competencia_01_ternaria_lags.csv	3	87	0.131995513814872	121349	6000	400400000	435141666.666667	385510714.285714
3	LAG-009	competencia_01_ternaria_lags.csv	3	87	0.131995513814872	121349	6500	411950000	447516666.666667	396707142.857143
3	LAG-009	competencia_01_ternaria_lags.csv	3	87	0.131995513814872	121349	7000	420200000	453933333.333333	405742857.142857
3	LAG-009	competencia_01_ternaria_lags.csv	3	87	0.131995513814872	121349	7500	435050000	466491666.666667	421575000
3	LAG-009	competencia_01_ternaria_lags.csv	3	87	0.131995513814872	121349	8000	438900000	470525000	425346428.571429
3	LAG-009	competencia_01_ternaria_lags.csv	3	87	0.131995513814872	121349	8500	454850000	481250000	443535714.285714
3	LAG-009	competencia_01_ternaria_lags.csv	3	87	0.131995513814872	121349	9000	449900000	473000000	440000000
3	LAG-009	competencia_01_ternaria_lags.csv	3	87	0.131995513814872	121349	9500	449350000	481433333.333333	435600000
3	LAG-009	competencia_01_ternaria_lags.csv	3	87	0.131995513814872	121349	10000	459800000	476208333.333333	452767857.142857
3	LAG-009	competencia_01_ternaria_lags.csv	3	87	0.131995513814872	121349	10500	464750000	469883333.333333	462550000
3	LAG-009	competencia_01_ternaria_lags.csv	3	87	0.131995513814872	121349	11000	462000000	469608333.333333	458739285.714286
3	LAG-009	competencia_01_ternaria_lags.csv	3	87	0.131995513814872	121349	11500	465850000	481433333.333333	459171428.571429
3	LAG-009	competencia_01_ternaria_lags.csv	3	87	0.131995513814872	121349	12000	465300000	477033333.333333	460271428.571429
3	LAG-009	competencia_01_ternaria_lags.csv	3	87	0.131995513814872	121349	12500	462550000	466033333.333333	461057142.857143
3	LAG-009	competencia_01_ternaria_lags.csv	3	87	0.131995513814872	121349	13000	459800000	464658333.333333	457717857.142857
3	LAG-009	competencia_01_ternaria_lags.csv	3	87	0.131995513814872	121349	13500	460350000	480058333.333333	451903571.428572
3	LAG-009	competencia_01_ternaria_lags.csv	3	87	0.131995513814872	121349	14000	456500000	477125000	447660714.285714
3	LAG-009	competencia_01_ternaria_lags.csv	3	87	0.131995513814872	121349	14500	458150000	484366666.666667	446914285.714286
3	LAG-009	competencia_01_ternaria_lags.csv	3	87	0.131995513814872	121349	15000	452100000	481341666.666667	439567857.142857
3	LAG-009	competencia_01_ternaria_lags.csv	3	87	0.131995513814872	121349	15500	453750000	472816666.666667	445578571.428571
3	LAG-009	competencia_01_ternaria_lags.csv	3	87	0.131995513814872	121349	16000	451000000	465941666.666667	444596428.571429
3	LAG-009	competencia_01_ternaria_lags.csv	3	87	0.131995513814872	121349	16500	444950000	461541666.666667	437839285.714286
3	LAG-009	competencia_01_ternaria_lags.csv	3	87	0.131995513814872	121349	17000	436700000	453933333.333333	429314285.714286
3	LAG-009	competencia_01_ternaria_lags.csv	3	87	0.131995513814872	121349	17500	430650000	451091666.666667	421889285.714286
3	LAG-009	competencia_01_ternaria_lags.csv	3	87	0.131995513814872	121349	18000	429000000	451183333.333333	419492857.142857
3	LAG-009	competencia_01_ternaria_lags.csv	3	87	0.131995513814872	121349	18500	419650000	437525000	411989285.714286
3	LAG-009	competencia_01_ternaria_lags.csv	3	87	0.131995513814872	121349	19000	412500000	423591666.666667	407746428.571429
