modelo_id	experimento_origen	ranking_origen	id_origen	metrica_origen	scale_pos_weight	min_data_in_leaf	feature_fraction	learning_rate	num_iterations	num_leaves	min_sum_hessian_in_leaf	dataset_bench	envios	ganancia_total_promedio	ganancia_total_sd	ganancia_total_min	ganancia_total_max	ganancia_public_promedio	ganancia_private_promedio
1	LAG-028	1	43	0.127223275542892	0.957730609815111	100	0.35	0.005	2000	256	0.0001	RANKS_LF_O2_K6_P4.csv	4000	316360000	4231784.4935677	311300000	322300000	327983333.333333	311378571.428571
1	LAG-028	1	43	0.127223275542892	0.957730609815111	100	0.35	0.005	2000	256	0.0001	RANKS_LF_O2_K6_P4.csv	4500	339570000	3762578.90282716	336050000	344850000	351670000	334384285.714286
1	LAG-028	1	43	0.127223275542892	0.957730609815111	100	0.35	0.005	2000	256	0.0001	RANKS_LF_O2_K6_P4.csv	5000	355520000	2508385.9352181	353100000	359700000	368921666.666667	349776428.571429
1	LAG-028	1	43	0.127223275542892	0.957730609815111	100	0.35	0.005	2000	256	0.0001	RANKS_LF_O2_K6_P4.csv	5500	365530000	2384743.17275467	362450000	369050000	380123333.333333	359275714.285714
1	LAG-028	1	43	0.127223275542892	0.957730609815111	100	0.35	0.005	2000	256	0.0001	RANKS_LF_O2_K6_P4.csv	6000	378620000	6290230.52041815	368500000	383900000	397283333.333333	370621428.571429
1	LAG-028	1	43	0.127223275542892	0.957730609815111	100	0.35	0.005	2000	256	0.0001	RANKS_LF_O2_K6_P4.csv	6500	388850000	4731278.89687344	383350000	395450000	400308333.333333	383939285.714286
1	LAG-028	1	43	0.127223275542892	0.957730609815111	100	0.35	0.005	2000	256	0.0001	RANKS_LF_O2_K6_P4.csv	7000	398640000	3614968.8795341	394900000	402600000	408045000	394609285.714286
1	LAG-028	1	43	0.127223275542892	0.957730609815111	100	0.35	0.005	2000	256	0.0001	RANKS_LF_O2_K6_P4.csv	7500	411510000	5903219.46059945	403150000	416350000	420731666.666667	407557857.142857
1	LAG-028	1	43	0.127223275542892	0.957730609815111	100	0.35	0.005	2000	256	0.0001	RANKS_LF_O2_K6_P4.csv	8000	419540000	1998249.23370434	416900000	422400000	429623333.333333	415218571.428571
1	LAG-028	1	43	0.127223275542892	0.957730609815111	100	0.35	0.005	2000	256	0.0001	RANKS_LF_O2_K6_P4.csv	8500	430210000	2144294.75585797	427350000	431750000	439431666.666667	426257857.142857
1	LAG-028	1	43	0.127223275542892	0.957730609815111	100	0.35	0.005	2000	256	0.0001	RANKS_LF_O2_K6_P4.csv	9000	436700000	3889087.29652601	432300000	441100000	449863333.333333	431058571.428571
1	LAG-028	1	43	0.127223275542892	0.957730609815111	100	0.35	0.005	2000	256	0.0001	RANKS_LF_O2_K6_P4.csv	9500	439670000	3920076.5298652	436150000	446050000	447956666.666667	436118571.428572
1	LAG-028	1	43	0.127223275542892	0.957730609815111	100	0.35	0.005	2000	256	0.0001	RANKS_LF_O2_K6_P4.csv	10000	446820000	5124158.46749493	441100000	453200000	450083333.333333	445421428.571429
1	LAG-028	1	43	0.127223275542892	0.957730609815111	100	0.35	0.005	2000	256	0.0001	RANKS_LF_O2_K6_P4.csv	10500	448910000	6104752.24722511	442750000	458150000	450193333.333333	448360000
1	LAG-028	1	43	0.127223275542892	0.957730609815111	100	0.35	0.005	2000	256	0.0001	RANKS_LF_O2_K6_P4.csv	11000	453420000	5004697.79307402	445500000	457600000	456060000	452288571.428572
1	LAG-028	1	43	0.127223275542892	0.957730609815111	100	0.35	0.005	2000	256	0.0001	RANKS_LF_O2_K6_P4.csv	11500	457270000	4217463.69278978	452650000	462550000	455528333.333333	458016428.571429
1	LAG-028	1	43	0.127223275542892	0.957730609815111	100	0.35	0.005	2000	256	0.0001	RANKS_LF_O2_K6_P4.csv	12000	456500000	2694438.7170615	453200000	459800000	449643333.333333	459438571.428572
1	LAG-028	1	43	0.127223275542892	0.957730609815111	100	0.35	0.005	2000	256	0.0001	RANKS_LF_O2_K6_P4.csv	12500	457930000	1807484.43976705	455950000	460350000	456591666.666667	458503571.428572
1	LAG-028	1	43	0.127223275542892	0.957730609815111	100	0.35	0.005	2000	256	0.0001	RANKS_LF_O2_K6_P4.csv	13000	457600000	2459674.77524977	454300000	460900000	455033333.333333	458700000
1	LAG-028	1	43	0.127223275542892	0.957730609815111	100	0.35	0.005	2000	256	0.0001	RANKS_LF_O2_K6_P4.csv	13500	457050000	5332447.84315796	452650000	465850000	454355000	458205000
1	LAG-028	1	43	0.127223275542892	0.957730609815111	100	0.35	0.005	2000	256	0.0001	RANKS_LF_O2_K6_P4.csv	14000	456060000	3263127.33432209	452100000	460900000	456738333.333333	455769285.714286
1	LAG-028	1	43	0.127223275542892	0.957730609815111	100	0.35	0.005	2000	256	0.0001	RANKS_LF_O2_K6_P4.csv	14500	449790000	2281008.54886605	447150000	452650000	450175000	449625000
1	LAG-028	1	43	0.127223275542892	0.957730609815111	100	0.35	0.005	2000	256	0.0001	RANKS_LF_O2_K6_P4.csv	15000	446600000	3207023.54216492	443300000	451000000	444766666.666667	447385714.285714
1	LAG-028	1	43	0.127223275542892	0.957730609815111	100	0.35	0.005	2000	256	0.0001	RANKS_LF_O2_K6_P4.csv	15500	444070000	3052376.12361255	439450000	447150000	447003333.333333	442812857.142857
1	LAG-028	1	43	0.127223275542892	0.957730609815111	100	0.35	0.005	2000	256	0.0001	RANKS_LF_O2_K6_P4.csv	16000	439780000	2384743.17275467	436700000	442200000	444693333.333333	437674285.714286
1	LAG-028	1	43	0.127223275542892	0.957730609815111	100	0.35	0.005	2000	256	0.0001	RANKS_LF_O2_K6_P4.csv	16500	434830000	2847279.40321985	431750000	438350000	440091666.666667	432575000
1	LAG-028	1	43	0.127223275542892	0.957730609815111	100	0.35	0.005	2000	256	0.0001	RANKS_LF_O2_K6_P4.csv	17000	429220000	3920076.5298652	423500000	433400000	429110000	429267142.857143
1	LAG-028	1	43	0.127223275542892	0.957730609815111	100	0.35	0.005	2000	256	0.0001	RANKS_LF_O2_K6_P4.csv	17500	422510000	4441058.432401	416350000	427350000	421373333.333333	422997142.857143
1	LAG-028	1	43	0.127223275542892	0.957730609815111	100	0.35	0.005	2000	256	0.0001	RANKS_LF_O2_K6_P4.csv	18000	418660000	3169069.26399535	413600000	421300000	416460000	419602857.142857
1	LAG-028	1	43	0.127223275542892	0.957730609815111	100	0.35	0.005	2000	256	0.0001	RANKS_LF_O2_K6_P4.csv	18500	413050000	3207023.54216492	408650000	416350000	414058333.333333	412617857.142857
1	LAG-028	1	43	0.127223275542892	0.957730609815111	100	0.35	0.005	2000	256	0.0001	RANKS_LF_O2_K6_P4.csv	19000	405020000	3681304.11674993	401500000	410300000	406523333.333333	404375714.285714
2	LAG-028	2	57	0.127091154857633	0.864712007948913	100	0.35	0.005	2000	2048	0.1	RANKS_LF_O2_K6_P4.csv	4000	318120000	2254329.16851111	314600000	320100000	328130000	313830000
2	LAG-028	2	57	0.127091154857633	0.864712007948913	100	0.35	0.005	2000	2048	0.1	RANKS_LF_O2_K6_P4.csv	4500	340230000	4358554.80635497	334950000	345950000	347013333.333333	337322857.142857
2	LAG-028	2	57	0.127091154857633	0.864712007948913	100	0.35	0.005	2000	2048	0.1	RANKS_LF_O2_K6_P4.csv	5000	355080000	2626214.00498893	353100000	359700000	369105000	349069285.714286
2	LAG-028	2	57	0.127091154857633	0.864712007948913	100	0.35	0.005	2000	2048	0.1	RANKS_LF_O2_K6_P4.csv	5500	367730000	6572442.46836745	356950000	373450000	378235000	363227857.142857
2	LAG-028	2	57	0.127091154857633	0.864712007948913	100	0.35	0.005	2000	2048	0.1	RANKS_LF_O2_K6_P4.csv	6000	380820000	3052376.12361255	376200000	383900000	396201666.666667	374227857.142857
2	LAG-028	2	57	0.127091154857633	0.864712007948913	100	0.35	0.005	2000	2048	0.1	RANKS_LF_O2_K6_P4.csv	6500	388850000	2804460.73247603	384450000	391050000	398181666.666667	384850714.285714
2	LAG-028	2	57	0.127091154857633	0.864712007948913	100	0.35	0.005	2000	2048	0.1	RANKS_LF_O2_K6_P4.csv	7000	400180000	2847279.40321985	397100000	403700000	406010000	397681428.571429
2	LAG-028	2	57	0.127091154857633	0.864712007948913	100	0.35	0.005	2000	2048	0.1	RANKS_LF_O2_K6_P4.csv	7500	408430000	2508385.9352181	404250000	410850000	417798333.333333	404415000
2	LAG-028	2	57	0.127091154857633	0.864712007948913	100	0.35	0.005	2000	2048	0.1	RANKS_LF_O2_K6_P4.csv	8000	420640000	5135951.71316865	413600000	427900000	425938333.333333	418369285.714286
2	LAG-028	2	57	0.127091154857633	0.864712007948913	100	0.35	0.005	2000	2048	0.1	RANKS_LF_O2_K6_P4.csv	8500	431090000	4640905.08414038	424050000	436150000	439376666.666667	427538571.428572
2	LAG-028	2	57	0.127091154857633	0.864712007948913	100	0.35	0.005	2000	2048	0.1	RANKS_LF_O2_K6_P4.csv	9000	439340000	5252428.00997786	433400000	446600000	442126666.666667	438145714.285714
2	LAG-028	2	57	0.127091154857633	0.864712007948913	100	0.35	0.005	2000	2048	0.1	RANKS_LF_O2_K6_P4.csv	9500	445170000	4692760.38169434	440550000	451550000	451201666.666667	442585000
2	LAG-028	2	57	0.127091154857633	0.864712007948913	100	0.35	0.005	2000	2048	0.1	RANKS_LF_O2_K6_P4.csv	10000	448360000	3072132.80962917	445500000	452100000	452026666.666667	446788571.428572
2	LAG-028	2	57	0.127091154857633	0.864712007948913	100	0.35	0.005	2000	2048	0.1	RANKS_LF_O2_K6_P4.csv	10500	452210000	4769486.34550934	444950000	458150000	452045000	452280714.285714
2	LAG-028	2	57	0.127091154857633	0.864712007948913	100	0.35	0.005	2000	2048	0.1	RANKS_LF_O2_K6_P4.csv	11000	453640000	3354549.15003492	449900000	457600000	451220000	454677142.857143
2	LAG-028	2	57	0.127091154857633	0.864712007948913	100	0.35	0.005	2000	2048	0.1	RANKS_LF_O2_K6_P4.csv	11500	457930000	1807484.43976705	454850000	459250000	450505000	461112142.857143
2	LAG-028	2	57	0.127091154857633	0.864712007948913	100	0.35	0.005	2000	2048	0.1	RANKS_LF_O2_K6_P4.csv	12000	461120000	920326.029187483	459800000	462000000	458700000	462157142.857143
2	LAG-028	2	57	0.127091154857633	0.864712007948913	100	0.35	0.005	2000	2048	0.1	RANKS_LF_O2_K6_P4.csv	12500	459030000	5298301.61466861	451550000	464750000	456885000	459949285.714286
2	LAG-028	2	57	0.127091154857633	0.864712007948913	100	0.35	0.005	2000	2048	0.1	RANKS_LF_O2_K6_P4.csv	13000	457160000	5422453.31930114	449900000	463100000	454685000	458220714.285714
2	LAG-028	2	57	0.127091154857633	0.864712007948913	100	0.35	0.005	2000	2048	0.1	RANKS_LF_O2_K6_P4.csv	13500	454190000	3697701.98907375	450450000	458150000	451421666.666667	455376428.571429
2	LAG-028	2	57	0.127091154857633	0.864712007948913	100	0.35	0.005	2000	2048	0.1	RANKS_LF_O2_K6_P4.csv	14000	452760000	2868449.05828917	449900000	456500000	450945000	453537857.142857
2	LAG-028	2	57	0.127091154857633	0.864712007948913	100	0.35	0.005	2000	2048	0.1	RANKS_LF_O2_K6_P4.csv	14500	451110000	4231784.4935677	446050000	455950000	454061666.666667	449845000
2	LAG-028	2	57	0.127091154857633	0.864712007948913	100	0.35	0.005	2000	2048	0.1	RANKS_LF_O2_K6_P4.csv	15000	448580000	3996498.46740869	445500000	455400000	451550000	447307142.857143
2	LAG-028	2	57	0.127091154857633	0.864712007948913	100	0.35	0.005	2000	2048	0.1	RANKS_LF_O2_K6_P4.csv	15500	445390000	2144294.75585797	442750000	448250000	448451666.666667	444077857.142857
2	LAG-028	2	57	0.127091154857633	0.864712007948913	100	0.35	0.005	2000	2048	0.1	RANKS_LF_O2_K6_P4.csv	16000	440880000	3425930.53052744	437800000	445500000	442163333.333333	440330000
2	LAG-028	2	57	0.127091154857633	0.864712007948913	100	0.35	0.005	2000	2048	0.1	RANKS_LF_O2_K6_P4.csv	16500	436810000	2281008.54886605	435050000	440550000	441503333.333333	434798571.428571
2	LAG-028	2	57	0.127091154857633	0.864712007948913	100	0.35	0.005	2000	2048	0.1	RANKS_LF_O2_K6_P4.csv	17000	431200000	2200000	429000000	434500000	434133333.333333	429942857.142857
2	LAG-028	2	57	0.127091154857633	0.864712007948913	100	0.35	0.005	2000	2048	0.1	RANKS_LF_O2_K6_P4.csv	17500	426030000	3149920.6339208	421850000	429550000	427753333.333333	425291428.571429
2	LAG-028	2	57	0.127091154857633	0.864712007948913	100	0.35	0.005	2000	2048	0.1	RANKS_LF_O2_K6_P4.csv	18000	419980000	3842134.82324606	413600000	423500000	417761666.666667	420930714.285714
2	LAG-028	2	57	0.127091154857633	0.864712007948913	100	0.35	0.005	2000	2048	0.1	RANKS_LF_O2_K6_P4.csv	18500	411730000	3598193.99143515	407550000	415250000	411620000	411777142.857143
2	LAG-028	2	57	0.127091154857633	0.864712007948913	100	0.35	0.005	2000	2048	0.1	RANKS_LF_O2_K6_P4.csv	19000	405680000	3052376.12361255	400400000	408100000	405075000	405939285.714286
3	LAG-028	3	41	0.125907034711994	1	100	0.35	0.005	2000	2048	0.000582814905294644	RANKS_LF_O2_K6_P4.csv	4000	316800000	3300000	313500000	321200000	326645000	312580714.285714
3	LAG-028	3	41	0.125907034711994	1	100	0.35	0.005	2000	2048	0.000582814905294644	RANKS_LF_O2_K6_P4.csv	4500	336710000	7525157.80565431	327250000	345950000	344776666.666667	333252857.142857
3	LAG-028	3	41	0.125907034711994	1	100	0.35	0.005	2000	2048	0.000582814905294644	RANKS_LF_O2_K6_P4.csv	5000	352220000	3598193.99143515	348700000	356400000	367436666.666667	345698571.428571
3	LAG-028	3	41	0.125907034711994	1	100	0.35	0.005	2000	2048	0.000582814905294644	RANKS_LF_O2_K6_P4.csv	5500	367070000	3762578.90282716	362450000	370150000	380783333.333333	361192857.142857
3	LAG-028	3	41	0.125907034711994	1	100	0.35	0.005	2000	2048	0.000582814905294644	RANKS_LF_O2_K6_P4.csv	6000	379500000	1100000	378400000	380600000	395816666.666667	372507142.857143
3	LAG-028	3	41	0.125907034711994	1	100	0.35	0.005	2000	2048	0.000582814905294644	RANKS_LF_O2_K6_P4.csv	6500	386430000	5240896.8698115	378950000	393250000	400161666.666667	380545000
3	LAG-028	3	41	0.125907034711994	1	100	0.35	0.005	2000	2048	0.000582814905294644	RANKS_LF_O2_K6_P4.csv	7000	396000000	3478505.42618522	392700000	401500000	406926666.666667	391317142.857143
3	LAG-028	3	41	0.125907034711994	1	100	0.35	0.005	2000	2048	0.000582814905294644	RANKS_LF_O2_K6_P4.csv	7500	407550000	3207023.54216492	403150000	410850000	413068333.333333	405185000
3	LAG-028	3	41	0.125907034711994	1	100	0.35	0.005	2000	2048	0.000582814905294644	RANKS_LF_O2_K6_P4.csv	8000	418220000	3052376.12361255	415800000	423500000	428248333.333333	413922142.857143
3	LAG-028	3	41	0.125907034711994	1	100	0.35	0.005	2000	2048	0.000582814905294644	RANKS_LF_O2_K6_P4.csv	8500	428450000	4115823.12545134	422950000	433950000	436461666.666667	425016428.571429
3	LAG-028	3	41	0.125907034711994	1	100	0.35	0.005	2000	2048	0.000582814905294644	RANKS_LF_O2_K6_P4.csv	9000	437140000	4575259.55547879	431200000	443300000	446031666.666667	433329285.714286
3	LAG-028	3	41	0.125907034711994	1	100	0.35	0.005	2000	2048	0.000582814905294644	RANKS_LF_O2_K6_P4.csv	9500	440770000	3244533.86482558	437250000	446050000	447553333.333333	437862857.142857
3	LAG-028	3	41	0.125907034711994	1	100	0.35	0.005	2000	2048	0.000582814905294644	RANKS_LF_O2_K6_P4.csv	10000	447480000	5994747.70111303	438900000	455400000	450248333.333333	446293571.428572
3	LAG-028	3	41	0.125907034711994	1	100	0.35	0.005	2000	2048	0.000582814905294644	RANKS_LF_O2_K6_P4.csv	10500	450670000	5355091.03564076	442750000	455950000	451696666.666667	450230000
3	LAG-028	3	41	0.125907034711994	1	100	0.35	0.005	2000	2048	0.000582814905294644	RANKS_LF_O2_K6_P4.csv	11000	456720000	3920076.5298652	453200000	463100000	457930000	456201428.571429
3	LAG-028	3	41	0.125907034711994	1	100	0.35	0.005	2000	2048	0.000582814905294644	RANKS_LF_O2_K6_P4.csv	11500	457050000	3564407.38412432	453750000	461450000	459965000	455800714.285714
3	LAG-028	3	41	0.125907034711994	1	100	0.35	0.005	2000	2048	0.000582814905294644	RANKS_LF_O2_K6_P4.csv	12000	456500000	2694438.7170615	453200000	459800000	458003333.333333	455855714.285714
3	LAG-028	3	41	0.125907034711994	1	100	0.35	0.005	2000	2048	0.000582814905294644	RANKS_LF_O2_K6_P4.csv	12500	457050000	7500999.93334222	449350000	465850000	459140000	456154285.714286
3	LAG-028	3	41	0.125907034711994	1	100	0.35	0.005	2000	2048	0.000582814905294644	RANKS_LF_O2_K6_P4.csv	13000	456280000	3052376.12361255	452100000	459800000	460038333.333333	454669285.714286
3	LAG-028	3	41	0.125907034711994	1	100	0.35	0.005	2000	2048	0.000582814905294644	RANKS_LF_O2_K6_P4.csv	13500	457710000	3169069.26399535	454850000	462550000	460753333.333333	456405714.285714
3	LAG-028	3	41	0.125907034711994	1	100	0.35	0.005	2000	2048	0.000582814905294644	RANKS_LF_O2_K6_P4.csv	14000	452100000	3889087.29652601	448800000	458700000	455968333.333333	450442142.857143
3	LAG-028	3	41	0.125907034711994	1	100	0.35	0.005	2000	2048	0.000582814905294644	RANKS_LF_O2_K6_P4.csv	14500	449790000	2532390.17530869	447150000	453750000	447938333.333333	450583571.428571
3	LAG-028	3	41	0.125907034711994	1	100	0.35	0.005	2000	2048	0.000582814905294644	RANKS_LF_O2_K6_P4.csv	15000	446600000	1739252.71309261	444400000	448800000	449166666.666667	445500000
3	LAG-028	3	41	0.125907034711994	1	100	0.35	0.005	2000	2048	0.000582814905294644	RANKS_LF_O2_K6_P4.csv	15500	443630000	1807484.43976705	440550000	444950000	447278333.333333	442066428.571429
3	LAG-028	3	41	0.125907034711994	1	100	0.35	0.005	2000	2048	0.000582814905294644	RANKS_LF_O2_K6_P4.csv	16000	440660000	2281008.54886605	437800000	443300000	445096666.666667	438758571.428571
3	LAG-028	3	41	0.125907034711994	1	100	0.35	0.005	2000	2048	0.000582814905294644	RANKS_LF_O2_K6_P4.csv	16500	438570000	2254329.16851111	436150000	440550000	443446666.666667	436480000
3	LAG-028	3	41	0.125907034711994	1	100	0.35	0.005	2000	2048	0.000582814905294644	RANKS_LF_O2_K6_P4.csv	17000	431860000	3443544.68534968	426800000	435600000	432795000	431459285.714286
3	LAG-028	3	41	0.125907034711994	1	100	0.35	0.005	2000	2048	0.000582814905294644	RANKS_LF_O2_K6_P4.csv	17500	424930000	920326.029187483	424050000	426250000	429036666.666667	423170000
3	LAG-028	3	41	0.125907034711994	1	100	0.35	0.005	2000	2048	0.000582814905294644	RANKS_LF_O2_K6_P4.csv	18000	419100000	2579728.66790289	414700000	421300000	422106666.666667	417811428.571429
3	LAG-028	3	41	0.125907034711994	1	100	0.35	0.005	2000	2048	0.000582814905294644	RANKS_LF_O2_K6_P4.csv	18500	413270000	4071486.21513078	407550000	417450000	417266666.666667	411557142.857143
3	LAG-028	3	41	0.125907034711994	1	100	0.35	0.005	2000	2048	0.000582814905294644	RANKS_LF_O2_K6_P4.csv	19000	406780000	3149920.6339208	402600000	410300000	409035000	405813571.428572
